{"R": 109.04408203138898, "G": 103.82410999057375, "B": 91.29477682073744}