{"R": 179.4954075404576, "B": 166.06326409609602, "G": 170.3820267301954}