{"R": 109.56845962878351, "G": 104.35043063768863, "B": 91.98500336601977}