{"R": 145.10160874035893, "G": 127.48575029022837, "B": 120.03571424211773}