{"G": 170.46786816833318, "B": 165.91500738827895, "R": 178.7309058684858}