{"G": 104.35043063768863, "B": 91.98500336601977, "R": 109.56845962878351}